{"cron_job_id": 1, "cron_expression": "*/5 * * * *", "edge_function_name": "sync-completed-orders", "cron_job_name": "sync-completed-orders_invoke", "raw_sql": "\n            CREATE OR REPLACE PROCEDURE sync_completed_orders_fc6a9c91()\n            LANGUAGE plpgsql\n            AS $$\n            BEGIN\n            PERFORM net.http_post(\n            url:='https://vltnlagohodvaewjlbye.supabase.co/functions/v1/sync-completed-orders',\n            headers:=jsonb_build_object('Content-Type', 'application/json'),\n            body:='{\"edge_function_name\":\"sync-completed-orders\"}',\n            timeout_milliseconds:=10000\n            );\n            COMMIT;\n            END;\n            $$;\n\n            SELECT cron.schedule('sync-completed-orders_invoke', '*/5 * * * *', 'CALL sync_completed_orders_fc6a9c91()');\n            "}